keys,country,username,phone
AllTestD3080H72ADB2ED217C2EF99FB,,,
AllTestF3081HA85DE8EAAA7A6BACD26,,,
AllTest23083H35BF0368BFB9BF3D2D0,,,
AllTestC3084H11A9BCFDE0A421B9291,,,
AllTestA3085HD01119EDF54C7A238E0,,,
AllTestC3086H925C62754BE8A1A2CD6,,,
AllTest53087HB1A6A2C7B8843C1656B,,,
AllTest73088HEDD588D73C73CB9E649,,,
AllTestF3089H47A143B9E8875FA3599,,,
AllTest73090HF3BAEC6D1792AF5E719,,,
AllTest23091H6208A4E26B6564B5428,,,
AllTestF3092HB7362BBDA06C8D447C9,,,
AllTestC3093HE47B7AE5CE4D07A7575,,,
AllTest23094HFB53FED4CB46B735BF6,,,
AllTest23095HA3561B8FAE8C2781F2D,,,
AllTest03096HD1BCCF726565718394A,,,
AllTest63097H06330FB712B88207AA4,,,
AllTestB3098HDAA3E285BF95E1D9212,,,
AllTestE3099HE51B4AE423EEB72CA7F,,,
